applicant_id,income_lakhs,credit_score,debt_ratio,approved
1,7.3,786,0.09,1
2,8.34,636,0.27,0
3,10.49,632,0.4,0
4,3.07,380,0.36,0
5,3.01,498,0.13,0
6,7.17,560,0.51,1
7,11.5,577,0.34,0
8,10.95,498,0.41,0
9,7.45,613,0.31,1
10,7.55,667,0.49,1
11,10.32,688,0.27,0
12,4.02,594,0.42,0
13,9.18,638,0.56,0
14,11.82,750,0.47,1
15,8.86,624,0.4,0
16,11.7,519,0.44,0
17,8.73,627,0.17,0
18,4.28,649,0.35,0
19,6.11,587,0.47,0
20,8.78,742,0.66,1
21,5.39,689,0.27,1
22,6.95,775,0.32,0
23,11.4,663,0.38,1
24,6.13,672,0.37,1
25,2.13,561,0.4,0
26,14.41,567,0.38,0
27,10.65,636,0.13,1
28,4.72,707,0.31,1
29,15.52,666,0.37,1
30,4.77,694,0.04,0
31,7.49,589,0.32,0
32,18.13,723,0.26,1
33,10.55,767,0.08,1
34,7.99,855,0.46,1
35,11.53,584,0.18,0
36,8.39,663,0.5,1
37,10.65,434,0.31,0
38,7.83,621,0.51,1
39,4.21,495,0.37,0
40,7.82,661,0.07,1
41,6.1,652,0.22,1
42,10.29,742,0.44,1
43,9.24,760,0.3,1
44,5.68,632,0.31,0
45,8.84,692,0.37,0
46,12.76,839,0.26,1
47,9.77,646,0.36,0
48,8.32,721,0.29,0
49,7.2,459,0.44,1
50,9.95,611,0.38,0
51,4.1,634,0.48,0
52,8.39,836,0.44,1
53,8.17,586,0.51,0
54,8.23,532,0.16,1
55,7.26,586,0.09,0
56,16.04,809,0.47,0
57,5.01,665,0.35,0
58,5.77,583,0.38,0
59,9.48,615,0.47,0
60,15.99,641,0.52,1
61,11.48,713,0.34,1
62,12.17,830,0.3,1
63,10.82,672,0.64,1
64,11.91,691,0.41,1
65,7.85,665,0.23,1
66,8.29,718,0.41,0
67,13.3,626,0.29,1
68,9.45,750,0.16,1
69,5.61,638,0.31,0
70,7.14,634,0.36,0
71,1.91,675,0.42,0
72,9.13,657,0.28,0
73,5.23,595,0.13,1
74,9.01,718,0.27,1
75,11.01,729,0.15,1
76,14.7,586,0,1
77,5.22,685,0.33,0
78,2.56,561,0.49,0
79,11.7,760,0.16,1
80,8.69,598,0.46,0
81,1,687,0.53,0
82,5.25,451,0.31,0
83,16.13,679,0.57,0
84,13.02,736,0.57,1
85,12.61,541,0.4,0
86,1,696,0.14,0
87,13.73,714,0.38,1
88,6.1,615,0.55,0
89,2.9,586,0.37,0
90,9.57,546,0.31,0
91,10.24,620,0.52,0
92,1,536,0.03,0
93,12.84,589,0.34,1
94,8.19,561,0.31,0
95,8.18,610,0.3,0
96,6.53,568,0.28,1
97,5.01,622,0.35,0
98,10.67,568,0.27,0
99,7.93,668,0.18,1
100,11.29,590,0.38,1
101,12.93,857,0.33,1
102,9.21,672,0.18,1
103,6.33,643,0.09,0
104,5.69,696,0.52,0
105,4.49,657,0.15,1
106,10.38,591,0.34,0
107,6.38,724,0.43,0
108,3.71,717,0.32,0
109,13.8,659,0.52,0
110,4.74,604,0.29,0
111,9.34,785,0.01,1
112,5.94,733,0.49,0
113,8.06,670,0.38,0
114,12.14,623,0.15,1
115,5.43,652,0.28,0
116,7.96,531,0.35,0
117,6.84,681,0.41,0
118,4.38,803,0.39,0
119,11.04,523,0.38,0
120,9.86,647,0.25,1
121,6.27,708,0.32,1
122,19.01,558,0.34,1
123,6.9,514,0.19,0
124,5.97,622,0.43,0
125,3.41,621,0.38,0
126,5.55,571,0.2,1
127,10.37,687,0.48,1
128,12.04,693,0.55,1
129,8.15,821,0.44,0
130,3.86,682,0.3,1
131,9.51,674,0.71,0
132,9.8,663,0.44,0
133,9.06,728,0.2,1
134,10.46,625,0.63,0
135,5.19,401,0.41,0
136,9.93,622,0.4,0
137,14.31,526,0.39,1
138,7.89,606,0.49,0
139,6.16,729,0.25,1
140,3.88,590,0.39,0
141,1.88,667,0.4,1
142,11.56,832,0.37,1
143,8.42,584,0.47,0
144,6.7,712,0,1
145,9.27,564,0.21,0
146,11.2,751,0.18,1
147,9.55,555,0.57,0
148,2.62,564,0.51,0
149,11.69,578,0.02,1
150,8.02,659,0.11,1
151,18.21,497,0.41,1
152,3.73,568,0.13,0
153,11.65,708,0.36,1
154,10.01,741,0.14,1
155,7.16,634,0.39,0
156,8.8,582,0.38,0
157,6.7,732,0.14,0
158,13.51,701,0.3,1
159,7.72,495,0.71,0
160,7.45,487,0.57,0
161,7.7,738,0.55,0
162,13.06,634,0.36,1
163,6.97,761,0.35,0
164,11.44,726,0.42,1
165,4.76,625,0.48,1
166,9.31,649,0.28,1
167,15.59,533,0,1
168,12.04,611,0.41,1
169,6.19,760,0.43,0
170,7.37,586,0.57,0
171,1.35,512,0.23,0
172,9.9,701,0.41,0
173,9.38,542,0.54,1
174,4.17,736,0.53,1
175,11.61,607,0.44,0
176,6.6,785,0.51,0
177,9.94,769,0.27,1
178,3.94,829,0.6,0
179,8.53,643,0.45,0
180,15.81,817,0.31,1
181,3.12,735,0.29,0
182,11.41,552,0.35,0
183,9.39,730,0.25,1
184,10.08,569,0.38,0
185,5.33,752,0.28,0
186,4.5,606,0.02,1
187,9.19,849,0.31,1
188,7.68,673,0.22,0
189,5.91,647,0.16,1
190,6.93,556,0.28,1
191,9.83,708,0.34,1
192,7.78,746,0.09,1
193,7.23,538,0.3,0
194,9.61,677,0.58,1
195,1,700,0.3,0
196,7.63,587,0.48,1
197,5.17,598,0.45,1
198,8.6,586,0.52,0
199,11,806,0.32,1
200,3.12,664,0.39,0
201,8.9,661,0,1
202,4.26,669,0.19,0
203,7.77,705,0.73,0
204,6.36,569,0.29,0
205,10.31,654,0.17,1
206,3.24,745,0.28,1
207,13.86,706,0.12,1
208,4.56,724,0.06,0
209,7.45,649,0.43,0
210,3.76,569,0.58,0
211,3.94,616,0.2,0
212,9.27,718,0.37,1
213,5.89,533,0.62,0
214,6.09,712,0.21,0
215,8.48,704,0.59,0
216,2.77,685,0.38,0
217,5.79,563,0.4,0
218,12.47,654,0.26,0
219,11.32,687,0.18,0
220,5.47,735,0.32,1
221,9.83,627,0.08,1
222,12.42,698,0.43,1
223,8.84,625,0.4,1
224,11.32,737,0.39,1
225,8.04,597,0.2,0
226,3.99,713,0.3,1
227,5.77,464,0.42,0
228,13,607,0.35,0
229,9.32,765,0.35,1
230,5.8,627,0.55,0
231,2.76,846,0.39,1
232,7.69,658,0.37,0
233,6.71,641,0.26,1
234,6.07,618,0.42,0
235,7.68,675,0.56,0
236,6.37,597,0.59,0
237,15.84,682,0.18,1
238,14.86,595,0.31,1
239,10,846,0.33,1
240,5.49,691,0.17,0
241,5.73,729,0.42,0
242,2.15,604,0.27,0
243,7.38,474,0.47,0
244,2.7,564,0.52,0
245,10.23,587,0.48,0
246,11.03,729,0.58,0
247,4.19,601,0.36,0
248,3.12,584,0.17,0
249,15.89,588,0.33,1
250,2.22,803,0,0
251,13.49,545,0.3,1
252,9.63,708,0.77,0
253,9.29,713,0.11,0
254,3.54,661,0.68,0
255,9.63,710,0.45,1
256,6.12,656,0.45,0
257,2.41,573,0.45,0
258,6.09,575,0.09,0
259,1.56,721,0.46,0
260,4.33,718,0.34,1
261,10.65,644,0.18,1
262,7.15,764,0.37,0
263,4.12,677,0.24,0
264,6.26,500,0.4,0
265,10.7,662,0.13,1
266,10.5,609,0.55,1
267,7.2,646,0.16,0
268,3.94,709,0.31,0
269,8.19,649,0.1,1
270,8.14,735,0.38,0
271,6.79,770,0.18,1
272,8.78,558,0.32,0
273,1.4,669,0.51,0
274,10.95,515,0.37,0
275,15.83,750,0.33,1
276,4.58,763,0.58,0
277,10.44,716,0.23,0
278,5.82,729,0.15,0
279,6.59,787,0.08,1
280,4.12,674,0.54,0
281,11.24,678,0.27,1
282,15.46,693,0.15,1
283,5.46,788,0.29,1
284,12.78,641,0.28,1
285,6.43,604,0.35,1
286,8.39,631,0.21,0
287,6.79,760,0.46,1
288,3.66,531,0.46,0
289,9.96,599,0.06,1
290,12.34,685,0.28,1
291,8.49,712,0.27,1
292,4.29,702,0.57,0
293,10.76,476,0.25,0
294,4.8,695,0.19,0
295,6.3,649,0.23,0
296,6.2,744,0.25,0
297,7.21,718,0.19,1
298,8.5,575,0.58,0
299,15.58,640,0.25,1
300,14.85,760,0.39,1
